period,trees,weight,precision_at_recall,average_precision
early,500,0.0,0.6730769230769231,0.7561930797992487
early,500,0.15,0.6572769953051644,0.7546552184518088
early,500,0.3,0.6542056074766355,0.7536511309522584
early,500,0.5,0.6542056074766355,0.7510508499911773
early,500,1.0,0.6278026905829597,0.743788474128354
early,700,0.0,0.6730769230769231,0.7561930797992487
early,700,0.15,0.6572769953051644,0.7548546904534618
early,700,0.3,0.6513761467889908,0.7535845685468637
early,700,0.5,0.6497695852534562,0.7513871978099775
early,700,1.0,0.6380090497737556,0.7437815764070765
middle,500,0.0,0.770949720670391,0.8029201347789405
middle,500,0.15,0.7624309392265194,0.8035623889694193
middle,500,0.3,0.7611111111111111,0.8034251901283104
middle,500,0.5,0.7486631016042781,0.8029546335450477
middle,500,1.0,0.7248677248677249,0.7983376591373122
middle,700,0.0,0.770949720670391,0.8029201347789405
middle,700,0.15,0.7653631284916201,0.8035731374956807
middle,700,0.3,0.770949720670391,0.803584586474793
middle,700,0.5,0.7653631284916201,0.8029129414687862
middle,700,1.0,0.7301587301587301,0.799461046159313
late,500,0.0,0.7943262411347518,0.7882862240621975
late,500,0.15,0.795774647887324,0.7882389670560187
late,500,0.3,0.7887323943661971,0.7883360834379588
late,500,0.5,0.7832167832167832,0.7885074973797298
late,500,1.0,0.773972602739726,0.786855864260823
late,700,0.0,0.7943262411347518,0.7882862240621975
late,700,0.15,0.7943262411347518,0.7884514521204683
late,700,0.3,0.7847222222222222,0.788315176599246
late,700,0.5,0.773972602739726,0.7885141853914371
late,700,1.0,0.7516778523489933,0.7879389578398431
