period,model,weight,precision_at_recall,average_precision
early,xgb3,0.0,0.6730769230769231,0.7561930797992487
early,xgb3,0.15,0.6698564593301436,0.754578382035069
early,xgb3,0.3,0.660377358490566,0.7498637261017481
early,xgb3,0.5,0.6862745098039216,0.7387251388887274
early,xgb3,1.0,0.4,0.6503609890840437
early,xgb5,0.0,0.6730769230769231,0.7561930797992487
early,xgb5,0.15,0.6619718309859155,0.7550474067892248
early,xgb5,0.3,0.6635071090047393,0.7531322671154927
early,xgb5,0.5,0.6878048780487804,0.7426397228399791
early,xgb5,1.0,0.4651162790697674,0.6603067565930487
early,specialists,0.0,0.6730769230769231,0.7561930797992487
early,specialists,0.15,0.6965174129353234,0.754860300877896
early,specialists,0.3,0.6945812807881774,0.752734392139441
early,specialists,0.5,0.6778846153846154,0.7463188107494798
early,specialists,1.0,0.625,0.7188564058513376
early,recent,0.0,0.6730769230769231,0.7561930797992487
early,recent,0.15,0.6666666666666666,0.7556100115895672
early,recent,0.3,0.6698113207547169,0.7548966553690882
early,recent,0.5,0.6796116504854369,0.7532447835468731
early,recent,1.0,0.660377358490566,0.7455170275258973
middle,xgb3,0.0,0.770949720670391,0.8029201347789405
middle,xgb3,0.15,0.7696629213483146,0.8030332782195224
middle,xgb3,0.3,0.7582417582417582,0.7983322854901587
middle,xgb3,0.5,0.7445652173913043,0.7857992617332303
middle,xgb3,1.0,0.4267912772585669,0.7020522899239613
middle,xgb5,0.0,0.770949720670391,0.8029201347789405
middle,xgb5,0.15,0.7554347826086957,0.8057052863513279
middle,xgb5,0.3,0.7666666666666667,0.8024558494889149
middle,xgb5,0.5,0.7611111111111111,0.7911513396109257
middle,xgb5,1.0,0.545816733067729,0.7019316451316397
middle,specialists,0.0,0.770949720670391,0.8029201347789405
middle,specialists,0.15,0.7740112994350282,0.8037414200363522
middle,specialists,0.3,0.7611111111111111,0.8030941387980194
middle,specialists,0.5,0.7365591397849462,0.801087563256103
middle,specialists,1.0,0.71875,0.7862900260090477
middle,recent,0.0,0.770949720670391,0.8029201347789405
middle,recent,0.15,0.7696629213483146,0.8026024643239049
middle,recent,0.3,0.7653631284916201,0.8028193811384933
middle,recent,0.5,0.7624309392265194,0.8025524754844559
middle,recent,1.0,0.7445652173913043,0.7970578739505207
late,xgb3,0.0,0.7943262411347518,0.7882862240621975
late,xgb3,0.15,0.7887323943661971,0.7878441386008672
late,xgb3,0.3,0.7583892617449665,0.7817686374139982
late,xgb3,0.5,0.7635135135135135,0.7687207196289773
late,xgb3,1.0,0.6348314606741573,0.6930835205348607
late,xgb5,0.0,0.7943262411347518,0.7882862240621975
late,xgb5,0.15,0.7832167832167832,0.7892499549312045
late,xgb5,0.3,0.7724137931034483,0.7862979885645968
late,xgb5,0.5,0.7724137931034483,0.7765547453840049
late,xgb5,1.0,0.6473988439306358,0.7050815578188404
late,specialists,0.0,0.7943262411347518,0.7882862240621975
late,specialists,0.15,0.7972027972027972,0.7911910666055659
late,specialists,0.3,0.8,0.7932214750391868
late,specialists,0.5,0.7887323943661971,0.7951585402218202
late,specialists,1.0,0.7832167832167832,0.790615409230843
late,recent,0.0,0.7943262411347518,0.7882862240621975
late,recent,0.15,0.7793103448275862,0.7873172056914992
late,recent,0.3,0.773972602739726,0.786004455608791
late,recent,0.5,0.7619047619047619,0.7834628517657204
late,recent,1.0,0.7368421052631579,0.7759884482751653
